b'snp1AR';b'snp2AA';b'snp5AR';b'snp5RR';b'snp6RR';rain1;srad2;tmax3;rain3;rain4;tmin5;tmax5;srad5;dl5;tmax7;dl7;srad8;srad13;dl14;rain15;dl15;dl16;srad17;dl17;tmin18;srad18;tmax9
0.03537614009563171;2.183703433523476e-05;0.00012280160424637642;0.08752159240441955;0.003757009396876185;0.025280384201298033;0.3211339896474458;0.09495978120984212;0.5329575941320145;1.1803166252389616;0.3770495033312168;0.44002944920752507;0.38202118793839135;0.01396625846076816;1.4766245238129974;0.7981728751632409;0.029521153612054717;0.025115218260825075;0.01201731135829867;0.0020327744232724143;0.03326458679000403;0.07056120089796572;0.24418206045239252;0.03834867872987289;0.035079202350477484;0.46653597077997155;2.2026567080501992e-07
