b'snp3RR';b'snp4RR';b'snp6RR';rain1;srad2;tmax5;dl5;tmax9;dl9;tmin11;tmax12;dl12;dl13;dl14;dl15;tmax16;rain16;srad17;tmin18;rain18;tmax19;rain19
0.013669677345258435;0.000144161193875334;1.383404605754793;2.1414416854598715;0.022885234753541397;2.9391528997362943;0.04656865462127399;0.24607974211895708;6.956442709338262e-07;2.2466156934797255e-07;0.5563371162345456;0.004443020043752597;0.29062647114635437;0.00025905931745114687;0.559895706104223;0.13110418286090805;0.015518122134012628;0.08897317836819127;1.1902739167927416;5.668848231721313e-07;4.501829161527187;7.400047502203678
