doy;b'snp1RR';b'snp3AA';b'snp3AR';b'snp4AA';b'snp5RR';tmax1;srad3;dl3;rain4;dl4;dl5;tmin6;tmax6;rain7;tmin9;srad11;tmin12;tmax13;tmin14;tmax14;tmax17;srad17;tmax18
0.029720641832953306;0.013054998429345517;0.022115936716387664;0.004120542154170579;0.006671441520668395;0.010750227530746628;0.007559711164256413;0.10629795588639737;0.09532621204295523;0.003914232546078864;0.10216612850389226;0.06841709603233881;0.9264270223832257;4.4361661352442745;1.8373044812833956;0.015746923850941955;0.11781929997003089;0.11905457725092561;0.09802881265918856;0.24473747733168877;0.03769630362087341;0.5759762385358603;0.13926528654799114;0.010262241823494236
