b'snp1AR';b'snp3AR';b'snp4AA';b'snp5AA';b'snp6RR';rain1;srad2;rain2;dl4;tmin5;tmax5;rain5;srad6;dl6;srad7;dl8;tmin10;rain10;tmin11;rain12;dl12;srad13;tmax14;srad14;dl17;tmax18;dl18
0.0004032972153251535;0.0022140181797020374;0.36538932789280293;0.4310687318823572;0.0010758135979342853;1.0400511140606488;5.8927960550789746e-05;0.00023180592980835967;0.04665186406132491;1.0964012321466044e-05;0.28755527104302614;0.10176657446570289;0.33812074666231384;0.009703618177989455;0.019515657234427407;0.2082318275149963;2.2983616743642696;7.03339357943323;7.830940830189093e-05;0.7438109271341462;0.04851163312169575;0.012289538266127806;0.21302782154559793;0.00026764327430797155;1.528613669606216e-05;1.7701191724341924e-05;5.5181730364068926e-05
