b'snp4RR';b'snp5RR';srad1;tmax2;tmax4;srad6;dl9;srad14;rain16;tmin18
0.05671223444203463;0.1456309615353044;0.044792264221601104;0.07370361358222112;0.08647097440369209;0.059613065887743344;0.012176868785309977;0.024523875594308322;0.2847933264060308;0.06122105418819188
