b'snp3AA';b'snp6RR';srad0;tmin1;tmax2;tmax3;tmax4;rain4;rain5;dl5;tmin6;srad6;rain6;srad7;dl7;dl8;tmin10;tmin11;rain11;tmax13;dl13;dl14;rain15;dl15;srad17;tmax18;tmin19
0.22259612276704274;0.14517169188511103;0.022755672880931003;0.13262233329090065;0.37822674897937675;0.0002614860126044505;0.022044239128430263;0.08661038785557906;0.016017927133707133;0.00492047401062706;4.477662181835355;0.00015657205937856134;3.6666176282208425;0.010734122946879268;0.0018107071028023824;0.0014126527199275075;0.006247018772148465;0.3299310586178564;0.0006451516540741408;0.2524816572371506;0.003998945512607008;0.0058602331083139345;0.029968049089263787;0.01638780762263792;0.010358487181015619;0.0036102304971819877;0.015936314194161697
