b'snp1RR';b'snp2AR';b'snp3AR';b'snp3RR';b'snp4AA';b'snp5AR';b'snp5RR';b'snp6RR';tmax0;dl2;srad3;dl3;tmin4;tmax5;dl5;tmin6;tmax6;dl7;rain8;srad9;dl9;tmin10;srad10;tmax11;rain11;dl11;tmax12;dl12;dl13;srad15;rain15;dl15;tmin17;rain17;dl18;b'snp1AA'
1.5311994011710795e-05;4.111595100653176e-07;4.5207765083432603e-07;5.402982375954934e-05;3.3161567534989446e-06;7.374865825255484e-05;0.0030086975299903427;0.004010953236229966;8.392459637860838e-05;0.001544369876327778;0.00020281461500815112;1.207876903861745;0.00010267433393295278;0.003139703959485871;0.0020506955342975176;0.002242873255300708;16.49195854163065;3.433319278201452e-05;0.025717278006202094;0.0003253738002530326;2.926490309505425e-05;1.6283718438812498;0.0007823674127615731;0.06036249302654085;0.0016064190077159425;3.472160976201622e-05;5.585572813515682e-07;0.0033120935386870085;6.278074326644401e-06;8.902879651202511e-06;0.00019933608027827176;0.0009811815573058879;0.005745462335449929;0.040436930227505455;2.4190692155912075e-06;5.20444979201784e-08
