b'snp2AA';b'snp3AA';b'snp5AA';tmin2;srad2;tmin3;srad3;tmin4;rain4;srad6;rain7;dl7;srad8;rain8;tmax10;tmin11;tmax11;tmin12;tmax12;tmax14;tmin15;srad15;dl16;srad18
4.3403766370033736e-05;0.01469742362378213;0.02589897906489881;0.010261623937055334;2.6883486850890006;0.09643827958282941;0.26989684391374597;0.6833744619412895;4.44324909155124;0.05949981680894154;0.707286720249744;0.030300547007273054;0.0006784137774567966;12.970262261618263;0.012374160180105207;9.955480063962494;0.0009624735816151997;0.030938579694225723;0.647605517883643;0.23960313586947307;0.28080329937994747;0.004677088638376859;0.05908047979049485;0.0019296488042124338
