b'snp3AR';tmax0;tmin1;srad1;rain3;dl3;rain4;dl5;tmin8;dl8;tmax10;srad11;tmin13;dl15;tmin16;rain16;tmax17;srad17;tmax18;srad18;rain19
3.8022589910724493e-06;1.8804301873842633e-07;8.349626040171643e-07;0.009594417722408082;0.04918165137290941;0.000589974489473093;0.017651350814393823;0.00028034673949093756;0.0014990308684269848;0.000971722240945212;0.016202159882188597;0.005707102558469615;0.04446246161227066;0.00027047264765798216;1.817669187289539e-06;0.010942643063531819;0.04165431333722694;1.2746085066623892e-05;4.794391932705366e-07;2.9832017503395034e-07;0.0005391230108230616
