b'snp1RR';b'snp3AR';b'snp4AA';b'snp4RR';b'snp6RR';tmin1;srad1;tmin2;dl3;tmax4;srad4;rain4;tmax6;tmin7;tmax7;srad7;dl8;srad9;tmin10;tmax10;rain10;dl10;tmax11;rain11;dl11;srad12;rain13;rain15;tmin16;rain16;dl16;tmin17;tmax17;srad17;rain17;tmin18;dl18
0.015544060274323358;0.060165536274703724;0.21177771464676937;0.13487831304112263;0.297560384805536;9.858965347646631e-05;0.14785129470060682;0.023539169387551625;0.02919823486746111;0.21762052692316913;17.279805648906255;70.99548171982218;104.24653692982066;43.91211710497448;0.00019808625270115955;0.4506684301234148;0.03355483477455778;0.0012267569109174303;0.932530415340308;2.184056731299112;8.579098851237033;113.63403949482513;32.078704593452684;27.431466013098515;0.20045282413904175;23.757475777221416;10.883569483476055;0.6229714068143202;0.26243607168472083;12.07522885178643;0.030187050092452948;49.29635921821572;0.03570104031379913;1.011218554287717;5.5559675214605795;4.179073809302873;25.564286685471835
