geo_id;b'snp2AR';b'snp4RR';dl0;srad1;rain1;dl3;tmax4;srad4;tmin5;rain6;dl6;tmin8;dl9;rain10;tmax12;dl12;tmin13;tmax13;dl13;tmin14;rain14;tmax15;rain17;tmin18;dl18;tmin19
0.05482486062656662;0.0002508367319983051;0.07234399527999102;0.0991676831661951;0.013054959848148116;1.6816814684406096;0.36708344581796;0.00345265502642917;0.008765048622375815;0.01982872302336517;0.0014255631388627422;2.5251466159375013e-05;0.0033061633843865933;0.0005078727347697054;0.025833741386065725;0.010102707489849365;2.0586101412760628e-05;0.5166760086071716;0.26291945077234685;0.0010933991416345633;0.01097861960880536;0.0978392093424297;0.17444736392518848;0.0032838091273767133;0.03425618514897806;0.0003154910735156591;0.00018855722553198006
