b'snp6RR';tmin2;dl10;rain15
0.028288260977182348;0.024327488931611754;0.0015815965936212706;0.029576627976905173
