b'snp1RR';b'snp2AA';b'snp2AR';tmin0;tmax0;srad2;rain2;dl2;tmin5;tmax5;dl5;srad6;tmin7;tmin9;srad9;tmax11;srad11;dl11;tmin12;dl12;srad13;srad15;rain16;tmin17;rain17
0.031094910703599224;0.09220793489712122;0.014827601058687065;0.6724833555945076;0.8086534881341743;0.16229300812386668;1.6800198754343614;0.7101901215737694;0.028434805495611785;0.2534536845957788;0.010266769670756161;0.28096266310667006;2.4156414505339403;0.021889405015243852;0.038335233487138964;0.06647186955857634;0.13349823482599632;0.0042870389053837245;0.027617074978669224;0.018191722685653815;1.2485976454777095;0.8038464286025869;0.02013844605976118;2.5018510243952057;0.6127955745879262
