geo_id;b'snp3AA';b'snp3AR';b'snp4RR';b'snp5AA';b'snp5RR';tmin0;dl0;tmin1;tmin3;srad3;rain3;tmax4;rain4;tmax5;srad5;tmin7;tmax7;srad8;rain8;dl8;rain9;tmin10;tmin11;tmax11;srad11;tmin13;tmax13;srad13;srad14;tmin15;tmax15;rain15;dl15;tmax16;rain16;tmax17;srad18;tmin19;tmax19;tmax12
0.03959260926940814;5.683370477527205e-07;0.016988325824938498;0.11718889646033659;0.06767661735874285;0.3454587220675961;0.7276398037488625;0.0390957933695033;0.16365537860217572;3.403782434169998;0.9193463208740915;0.2499014921374031;0.04108377784413662;0.3025968556424496;3.0964988587852442;0.3159132194728518;0.053397173480219065;1.3706805440974643;1.021942289880359;0.9987258276405949;0.024621291510372033;1.5259330887033138;0.581341122630532;0.8822742677811235;0.07742279991088609;0.0376840287960583;0.9641221355238795;9.12988724621755e-08;0.06084924610985468;0.00044622552271349035;0.007031167452090159;0.0001868740677291214;0.08432530023372309;0.22822621450236297;0.05378602623647694;0.003953189093481484;2.3533267082598286e-07;0.026855805342726455;3.1751368902573414;0.02904100465653002;1.0158581886798856e-07
