geo_id;b'snp1AR';b'snp4AA';b'snp5AA';srad2;dl2;tmin3;tmax3;srad3;rain3;dl3;tmax4;srad5;rain5;tmin8;tmax8;rain8;tmax9;dl9;srad10;rain10;dl11;tmin13;tmin15;rain16;srad17;rain18;tmin19;srad19
0.06693549604121926;1.0327718983944578e-05;0.9175552023260445;5.079475495790576e-06;0.00017448059466460109;1.9142764205071216e-06;3.14536119958575e-07;14.508669129161122;9.910304502113831e-05;0.6384142992005724;0.001928943202885307;0.13248625803878325;0.0015964029889084942;16.2060597141455;0.008949117281051144;22.04480792148102;0.11238896004454432;8.942636396085161;0.058421145671596834;0.02880162499163873;0.0002764502053622664;6.02661934451252;4.193167810766589;0.0010096427376601015;0.5795908059543575;0.0005612167881702135;1.2863079950841234;3.712352815117169;1.1728775024835159e-05
