b'snp2AR';b'snp3AR';b'snp5AA';tmin0;tmax1;dl1;tmin2;tmax3;srad3;dl4;tmin7;srad7;srad8;tmin10;srad11;rain15;tmin16;tmin17;rain17;srad18;rain18;tmax19;srad19;b'snp4AR';tmin15;srad10
0.0009272679693532382;0.20160211483752477;0.002437322094282308;1.2068836795839903;0.2645775936478731;0.12333046380997131;5.346960524882447;25.322575987544614;0.310639322747422;4.48385614247858;54.25847428228894;0.5674269384641139;15.745572518619976;1.2216492031892192;0.32745623451370565;1.6773093053121468;14.694899928113067;4.915650843920945;8.760194393886543;0.7221089509517113;18.767559625958587;10.186050689225503;1.637555911315758e-07;0.0005815885845612456;5.918359562429032e-08;5.682619786284704e-08
