b'snp2AA';b'snp2AR';b'snp4AA';b'snp5RR';b'snp6AR';srad0;tmax1;rain1;srad2;rain2;rain3;rain4;srad5;rain7;rain8;tmax9;tmax10;tmin11;tmin12;rain13;dl13;tmin15;dl15;srad17;tmin18;dl18
0.15764074842752707;0.0007133816042157548;0.1017495179841633;0.11139211282798599;0.020467561620377522;0.8717168929540351;0.45437738885886786;1.0504083949986553;0.001946275571446421;8.059444749625355;0.3085268104118171;9.020580566274234;0.4197120997721299;0.3467098474510793;0.008498850417234251;1.8816937579540336;2.84599457456799;0.026245051049854452;0.3870993286146148;4.729534386108043;0.20301686630980298;0.033523760117819705;0.6219380862600685;0.5440925613426661;0.14807830992342744;0.049233598622333404
