geo_id;b'snp1AA';b'snp3AR';b'snp5AR';tmin0;srad0;dl1;rain3;tmin5;tmin6;rain6;tmin7;tmax7;srad7;dl7;dl8;tmin9;srad9;tmin10;dl10;rain11;tmax12;dl15;tmin17;dl18;srad19;rain19
2.6349696694296653e-05;0.47293416259998367;0.204168915611574;2.819134715537075e-07;15.130497175760564;10.578688993698375;3.3685002642934605;0.655000859017091;1649.309008471457;6.801660775673805;1.605259318807839e-05;36.09013201703658;0.00226261952827258;2.04000384150429;0.4231510980651217;3.228026416763896e-06;23.62971460351946;1.974063528678016e-06;4.098397981567774;2.048452989857103;3.231354246508999e-05;2.048775659194092;35.06737701909395;91.98747666386122;1.2366813570905129;78.0238970622447;2898.237537236523
