doy;geo_id;b'snp2AR';b'snp6AR';tmin2;tmax2;srad2;rain2;dl2;tmax3;dl3;tmax4;tmin5;tmax6;srad7;dl7;tmin8;tmax9;srad11;rain11;dl11;tmin12;srad12;tmin13;tmax13;srad13;rain13;dl13;dl14;tmax15;dl15;tmax16;srad17;srad18;srad19
0.0016561924661174033;0.00267089059207791;0.00028783143112491415;1.77462773933712e-07;0.0008301032904415706;0.09680497094414946;0.001006130660391733;0.08456513560015906;0.011324578144331951;0.04333781576499135;0.0056050358922101395;1.954660245786499e-06;0.0037022529087150247;0.00034745418943927576;1.2633071889922575e-07;5.276401602145597e-06;0.03735496306913845;0.004884825613884942;0.006952968175354215;6.933190603930939e-05;0.022183293907957875;0.08977428540713035;3.124087289251065e-05;0.9708180152098583;0.0001527312682566162;5.559843020606081e-05;0.0010541693539185815;3.2975464482503245;4.49979672296763e-06;0.00017492439280530903;0.041132856434805805;0.9303722186651716;0.0062757680468072865;0.002240422498725678;0.011499061154993627
