b'snp1RR';b'snp2RR';tmin0;srad2;tmin3;srad3;rain3;tmin4;tmax5;rain5;dl5;tmax6;tmax7;tmax8;tmin9;srad9;tmax11;srad11;dl11;tmin12;tmax12;rain12;tmin13;tmax13;srad13;rain13;srad15;dl15;tmin16;srad16;dl16;dl17;srad18;rain19
0.44127163943819375;0.7532139870686834;0.189571858026152;0.16990682598059473;6.623945896061816;0.506125560429637;0.3222846179161183;0.01898468676208381;0.1728501330381883;0.018564659123082736;0.058143936519385375;0.0069090265615074035;0.9338556731132368;2.985771107869161;7.583252968383309;0.04580541644765077;0.13055479546018234;1.5802658444457307;0.04136278761372616;0.6208850388088689;0.05765436843251336;0.41489865005083554;11.444409574639003;0.3135027166748554;3.626676547152444;7.237169560813715;0.1390598854927135;0.39004975228189165;0.13512873947549026;0.03239752467297926;0.003579460142936526;0.4177436472123158;0.02461689648326093;0.6092235915416235
