b'snp1AR';b'snp3AR';b'snp4RR';dl0;tmin1;dl1;tmax2;rain2;dl4;tmin5;tmax7;rain8;tmax11;srad11;dl12;tmin14;tmax14;srad14;dl14;tmax17;srad17;srad18;srad5
0.12722292101872057;0.060493020634499434;0.3959603437195912;1.7991287441240147;11.83288108632155;3.671595868270683;11.713324757055391;0.43682502096025044;0.45604076356574125;1.5509597803661825;2.6787849568563614e-05;2.0361027040417237;1.157621326797198e-07;1.081247273191366e-06;2.1602347609342036;2.6233953349219517e-06;0.2733543958912293;2.6452706538779456;0.12489527105795276;2.8399631389448903;2.445848859366606e-05;1.194457605799254;1.328662841615369e-07
