rain6;tmin7;srad11;rain13;dl15;srad19
0.0009958313764215632;0.0015598954309194823;1.9596398828980454e-07;0.00036753575128187774;0.0002075748318196702;0.00039882134065663874
