b'snp1RR';b'snp3AR';b'snp4AA';rain1;rain5;tmin6;tmax8;dl8;tmax9;dl10;srad11;rain12;rain13;tmin14;dl15;tmax16;tmax17;dl17;rain18;rain19;tmin19
5.578703807884722e-07;7.074856209499103e-07;0.005180165839097413;0.10991927426565624;0.7427622612596139;0.013536555549413833;1.5613428946466e-05;0.0001321562478749172;0.02206523943776517;0.057711860302597416;2.5110253542948158e-06;0.00020972395860951564;3.028087539291846e-07;0.014620157324398662;0.010995786036403814;1.2194740378390634e-07;5.431908751916126e-06;0.020147418594592636;0.00302311503103013;2.2460670891177868e-07;3.778599264592231e-08
