geo_id;b'snp1RR';b'snp2RR';b'snp3AA';b'snp3AR';tmax2;srad2;tmax3;rain3;dl3;tmax4;rain4;dl4;rain5;tmin6;srad7;srad8;tmax9;tmax10;tmax11;dl12;srad14;rain14;dl15;dl17;tmax18;rain18;tmax19
0.00353071453875998;0.05340413828629949;0.00043113590629332063;0.0008414347396879407;0.03367897416222945;2.3075709947306678e-07;3.3864417309711827;6.090705238303958;11.793616286609572;1.3078022300866428;1.101089638801835;2.4996863534686757;1.8827335743759375;0.017479634720189666;0.7043700510028563;0.30566805233719435;0.6130179071740673;6.302549998886152;2.2323608808885997;0.5512669066597374;0.16031880550958305;4.150971839083091;1.7376923952592003;1.6540115702044793;0.0003195814063590774;0.06653278417911451;0.24595011607773698;0.8213528131080367
