geo_id;b'snp1AA';b'snp2RR';b'snp4AR';b'snp5AA';b'snp6AR';b'snp6RR';tmax0;tmax1;dl1;tmin3;tmax3;rain3;rain4;tmin5;srad5;rain5;tmin6;srad6;dl6;tmax7;rain7;tmin8;dl8;tmin10;srad10;srad11;dl11;dl12;tmin13;tmax13;srad15;srad16;rain17;srad18;tmin19;tmax19;srad19;b'snp4AA'
0.28645994250226936;0.023887577369311543;0.2329792816500016;0.0008165987534215446;0.017374665447676706;0.02440043159819581;0.12746867013550045;0.03156810888220932;0.034070393263179566;1.294505193534713;0.197056585960286;0.15471382688381424;5.963729225471235;0.007602892608196612;1.0177954517817296;0.0030776913740164957;0.06974545270789748;1.084249734651799;0.06737945311491003;0.25152560520602135;0.01396412848739999;0.9594905237268735;1.6014290600060779;0.030592648467147255;0.1650181955698983;0.14471085695470876;1.7955197055262244;0.06818152039119753;0.34263187748580337;0.057008806938536626;0.20260586851042744;0.0737857427820775;2.892358819668191;7.265274594240725;0.24573408881772024;1.280540443378809;0.05580645900422141;0.06201981709612227;6.124416489967644e-06
