b'snp4AA';b'snp4RR';dl0;dl2;srad3;rain4;tmin5;srad5;dl5;srad7;tmax9;rain10;tmin11;tmax11;srad14;tmin18
1.070322083712938e-05;9.151095603058934e-05;0.582134103675835;0.5358190416249312;9.426870948630039e-06;0.0002826858053395398;0.206451376129015;3.4947189456602247e-06;9.945367487773637e-07;9.53807224156833e-06;0.0004837790964673161;8.302244537381128;1.6779860374072086e-07;0.7467393489175074;6.586067518128402e-06;0.03730676832189182
