geo_id;b'snp1AR';b'snp1RR';b'snp3RR';b'snp4AA';b'snp4AR';b'snp4RR';b'snp5AR';tmax0;srad0;tmax1;dl2;rain4;tmin5;rain5;tmin6;rain6;rain7;srad9;dl9;tmin10;rain10;tmin12;srad13;dl14;srad15;tmin18;rain19
0.7159162846826181;0.08940894945791542;0.07612148214442271;6.68750163069376e-05;0.009231139824685358;0.002176049416682844;0.0005519168805389541;2.87120017432585e-06;1.4034018280033558;0.00044625063673038313;0.8693216165218952;0.9974542055518697;0.00100126031293442;0.6424138492618603;5.388134591472289;0.6884108635664121;0.2628420191700059;0.8029328816750426;1.44632491719804;1.3691654458245432;1.9456736016038507;9.429145232008825;1.6659615221925607e-05;1.8181634731045946;0.12323234866762163;0.00035353190215587916;0.0016729737852195115;3.657774591455353
