doy;b'snp1AA';b'snp3AR';b'snp5RR';tmin0;tmin1;srad1;tmin2;tmax2;rain3;tmin4;srad4;rain4;dl4;rain6;tmax7;tmax10;tmax11;srad12;srad13;rain13;dl13;tmax14;rain16;dl16;tmin17;dl17;tmax19;rain19
4.619685689649342;0.0011720553426833647;6.589790503340965e-05;0.0001512039913762919;0.0009656435790365947;2.585668511795205;4.081270382474739;0.5317549784689358;0.0020203502027415256;0.0042374108559018;1.023106431713736;0.009035312745257613;0.0039775161065421115;0.022820207655933872;0.01654093094636082;5.8735128911350785;2.3615766505011284;0.00017891660718746038;0.000970448218102149;0.029468801786329095;0.006457399130372608;0.001212568380460368;8.108052822052514e-05;0.032866781923014655;0.021171502792165883;0.5166912043642921;0.12100682555098842;0.02003382679841735;0.21735080497876552
