b'snp1AA';b'snp3AR';b'snp5RR';b'snp6RR';tmin0;tmax2;srad2;rain3;rain5;tmax6;rain7;tmax8;srad9;rain10;dl11;srad18;dl18;tmin19
0.000625771878475092;0.007494183316075151;0.1955088490104562;0.317463622669713;1.2491693593200202;0.004191078414744282;0.09701267061109561;0.5440845200013407;5.106786351467187;0.8180211216045395;0.4598114301185065;14.638227643449847;0.0008224491147748836;0.9504607768068277;0.0007611290322874709;0.0004465448699254182;0.6258658213101863;2.6413090311905306e-06
