geo_id;b'snp1AA';b'snp3AR';b'snp3RR';b'snp4RR';b'snp5AA';b'snp5RR';tmin0;dl1;srad2;rain2;srad4;rain4;dl4;tmin5;rain5;srad6;rain7;dl10;tmin12;tmax12;dl12;tmin13;srad13;rain13;dl13;tmin14;tmax14;dl14;srad15;tmin16;rain16;srad17;dl17;rain18;tmin19;tmax19
0.20537439937045804;0.0020163980944550987;0.0002335062254101672;0.023375843839969834;0.0007626185233669957;3.405634187799933e-05;0.06765477811842686;0.010000008122637212;0.0027599489819692736;0.26742677474825655;0.004494124089911225;0.005833961866121626;0.1744227964956076;4.83203889058359e-05;0.029715411990832195;0.0007104323451443406;0.014776958840434134;0.0019064033331599717;0.0004093798425159889;0.834579200500441;0.0002535804850418799;0.004618513688273822;0.057326334915638315;0.017786046455923667;0.015547389336028346;3.5165666361081094e-06;0.0006617798071849279;0.0847802422628854;0.004464648354292535;0.01135570503198437;0.0015225041779439153;0.5434464646110285;0.05787815672553137;0.015597054820626682;1.6349029937146042e-06;0.09818685924196785;0.004667303258851519
