b'snp1RR';b'snp4AA';b'snp4AR';b'snp5AA';tmax1;tmax3;srad3;rain4;srad5;tmax6;srad6;rain6;tmin7;srad9;dl10;srad12;tmin13;rain13;tmax15;srad16;tmin17;srad17;rain17;tmin18;rain19;tmax17
0.03260611590082149;0.02271540596370187;0.0004058960070976525;0.018356940349759442;0.034636927838956666;1.7910852021008514;5.367260529709483e-06;0.029868692370068714;0.00037034330342109454;2.925401945954742;0.013725087107528254;0.4683261620338739;0.42133838600429613;0.0028768905066402796;0.001260568843725025;6.098679355659442e-07;3.0280269596629465;0.01761706208787416;0.2179212574283467;0.09882028932443049;0.004611821279448094;0.003182824553623931;0.1589436998733217;5.355867386631138;1.551756679934038;5.393202414438747e-08
