doy;b'snp2AR';b'snp2RR';b'snp6AR';tmin0;dl0;rain1;dl1;tmin4;srad4;rain4;tmin5;srad6;srad7;rain7;tmax9;tmin10;srad12;dl12;rain13;tmax14;tmin15;rain16;srad17;srad18;tmin3
2.010488681509013;0.013764931184370539;0.08793099782403985;0.018219774457262475;0.001128568687486009;3.738854625115043;0.0003240494162593421;0.05648074587991992;7.114798291016117;16.201365885958186;30.61887102598436;1.1822718345053969;1.5000404981953255;0.0013328861217658527;0.0008887331527264308;0.0006347743859368649;0.37557277955982477;0.8626827438060826;0.0005598399784970099;3.286214268524802;0.004077954424048613;9.861180701314253e-05;6.211439437429079e-05;2.887359873016194;3.15294475640826e-06;6.336289025909991e-08
