doy;geo_id;b'snp1RR';b'snp2AR';b'snp3RR';tmin0;tmin1;srad1;tmax2;tmax4;tmin5;tmax5;srad5;dl5;tmin6;tmax6;srad6;dl6;tmax9;dl9;rain11;dl11;tmin12;rain12;dl12;tmin13;tmax14;rain15;srad17;dl18
2.660510884311407e-07;0.0007809369895650775;6.530387200541554e-05;6.3855636440735e-06;2.055995368607455e-05;0.47969603252002;0.984507434688011;0.0014669013066969682;0.47526308687580354;8.582525346326974e-05;0.000260229278557631;0.00012085736932988311;4.635699392764536e-05;0.0003360969952464643;0.2708259300143297;2.520627911437622;3.7915272796453794e-05;0.0009116374086497103;0.00034002955634491626;3.152160815034222e-07;0.0010673156918062433;1.5388080736426786;0.00028444813373170065;0.00012573862861017915;0.29594790537195964;7.116401735373756e-05;0.4722370705383216;0.0012631740494816767;0.0001369544014079338;6.8712405015674e-05
