geo_id;b'snp1AR';b'snp2AA';b'snp2RR';b'snp4AA';b'snp4AR';tmin1;srad5;tmin6;tmax6;tmax7;dl7;srad8;dl8;rain9;tmax10;rain10;srad11;rain11;tmin12;tmax12;dl12;tmin13;rain13;tmin14;srad14;srad15;dl16;tmin18;tmax1;tmax19
0.23041136281346752;0.0094126046602031;0.007842369215736085;0.11056491053987628;0.00038532702796629793;0.0005339979362830149;2.9214195328108873e-06;0.003589130503311253;0.09126443844703289;0.00020543692944357872;2.398047227282592;0.1521998854498341;0.21150115668088887;0.00013361602683914953;0.0003328195332483119;0.001867778123424273;0.002390491343715837;0.024236220353546115;0.4565824556069524;0.00013739901417238797;0.3414586219767915;0.0013991516354312239;0.37544011814342954;5.38172069468601e-07;30.344649519193425;0.03735551778489907;0.0008275213189412511;0.021159083116215525;0.4218677627004476;9.182205133129174e-08;2.0648230503184095e-07
